id;transport_system;type_of_matter;assigned_source_name;assigned_source_id;assigned_destination_name;assigned_destination_id
8227;Truck                                             ;Cattle                                            ;Dori                                              ;288;Ouagadougou (not specified)                       ;639
8386;Truck                                             ;Cattle                                            ;Dori                                              ;288;Ouagadougou (not specified)                       ;639
8614;Truck                                             ;Cattle                                            ;Dori                                              ;288;Ouagadougou (not specified)                       ;639
8772;Truck                                             ;Cattle                                            ;Dori                                              ;288;Ouagadougou (not specified)                       ;639
8980;Truck                                             ;Cattle                                            ;Dori                                              ;288;Ouagadougou (not specified)                       ;639
9019;Truck                                             ;Cattle                                            ;Dori                                              ;288;Ouagadougou (not specified)                       ;639
8185;Truck                                             ;Cattle                                            ;Dori                                              ;288;Ouagadougou (not specified)                       ;639
8213;Truck                                             ;Cattle                                            ;Dori                                              ;288;Ouagadougou (not specified)                       ;639
8286;Truck                                             ;Cattle                                            ;Dori                                              ;288;Ouagadougou (not specified)                       ;639
8570;Truck                                             ;Cattle                                            ;Dori                                              ;288;Ouagadougou (not specified)                       ;639
8571;Truck                                             ;Cattle                                            ;Dori                                              ;288;Ouagadougou (not specified)                       ;639
8869;Truck                                             ;Cattle                                            ;Dori                                              ;288;Ouagadougou (not specified)                       ;639
8891;Truck                                             ;Cattle                                            ;Dori                                              ;288;Ouagadougou (not specified)                       ;639
9098;Truck                                             ;Cattle                                            ;Dori                                              ;288;Ouagadougou (not specified)                       ;639
9119;Truck                                             ;Cattle                                            ;Dori                                              ;288;Ouagadougou (not specified)                       ;639
9138;Truck                                             ;Cattle                                            ;Dori                                              ;288;Ouagadougou (not specified)                       ;639
8529;Truck                                             ;Cattle                                            ;Dori                                              ;288;Ouagadougou (not specified)                       ;639
9074;Motorbike                                         ;Chicken                                           ;Kaya                                              ;284;Ouagadougou (not specified)                       ;639
9124;Motorbike                                         ;Chicken                                           ;Kaya                                              ;284;Ouagadougou (not specified)                       ;639
8179;Motorbike                                         ;Chicken                                           ;Kaya                                              ;284;Ouagadougou (not specified)                       ;639
8194;Passenger Car                                     ;Chicken                                           ;Kaya                                              ;284;Ouagadougou (not specified)                       ;639
8336;Passenger Car                                     ;Chicken                                           ;Kaya                                              ;284;Ouagadougou (not specified)                       ;639
8367;Passenger Car                                     ;Chicken                                           ;Kaya                                              ;284;Ouagadougou (not specified)                       ;639
8372;Passenger Car                                     ;Chicken                                           ;Kaya                                              ;284;Ouagadougou (not specified)                       ;639
8376;Passenger Car                                     ;Chicken                                           ;Kaya                                              ;284;Ouagadougou (not specified)                       ;639
8390;Motorbike                                         ;Chicken                                           ;Kaya                                              ;284;Ouagadougou (not specified)                       ;639
8391;Motorbike                                         ;Chicken                                           ;Kaya                                              ;284;Ouagadougou (not specified)                       ;639
8733;Motorbike                                         ;Sheep                                             ;Kaya                                              ;284;Ouagadougou (not specified)                       ;639
8744;Passenger Car                                     ;Sheep                                             ;Kaya                                              ;284;Ouagadougou (not specified)                       ;639
8761;Motorbike                                         ;Sheep                                             ;Kaya                                              ;284;Ouagadougou (not specified)                       ;639
8763;Passenger Car                                     ;Sheep                                             ;Kaya                                              ;284;Ouagadougou (not specified)                       ;639
8768;Passenger Car                                     ;Sheep                                             ;Kaya                                              ;284;Ouagadougou (not specified)                       ;639
8769;Bicycle                                           ;Sheep                                             ;Kaya                                              ;284;Ouagadougou (not specified)                       ;639
8779;Motorbike                                         ;Sheep                                             ;Kaya                                              ;284;Ouagadougou (not specified)                       ;639
8787;Motorbike                                         ;Sheep                                             ;Kaya                                              ;284;Ouagadougou (not specified)                       ;639
8800;Motorbike                                         ;Sheep                                             ;Kaya                                              ;284;Ouagadougou (not specified)                       ;639
8814;Passenger Car                                     ;Sheep                                             ;Kaya                                              ;284;Ouagadougou (not specified)                       ;639
8818;Motorbike                                         ;Tomato                                            ;Kaya                                              ;284;Ouagadougou (not specified)                       ;639
8820;Motorbike                                         ;Tomato                                            ;Kaya                                              ;284;Ouagadougou (not specified)                       ;639
8838;Motorbike                                         ;Tomato                                            ;Kaya                                              ;284;Ouagadougou (not specified)                       ;639
8840;Motorbike                                         ;Tomato                                            ;Kaya                                              ;284;Ouagadougou (not specified)                       ;639
8841;Motorbike                                         ;Tomato                                            ;Kaya                                              ;284;Ouagadougou (not specified)                       ;639
8851;Motorbike                                         ;Tomato                                            ;Kaya                                              ;284;Ouagadougou (not specified)                       ;639
8881;Motorbike                                         ;Tomato                                            ;Kaya                                              ;284;Ouagadougou (not specified)                       ;639
8888;Motorbike                                         ;Tomato                                            ;Kaya                                              ;284;Ouagadougou (not specified)                       ;639
8889;Bicycle                                           ;Tomato                                            ;Kaya                                              ;284;Ouagadougou (not specified)                       ;639
8901;Bicycle                                           ;Tomato                                            ;Kaya                                              ;284;Ouagadougou (not specified)                       ;639
8484;Motorbike                                         ;Eggplant (garden egg) (aubergine)                 ;Korsimoro                                         ;345;Ouagadougou (not specified)                       ;639
8495;Motorbike                                         ;Eggplant (garden egg) (aubergine)                 ;Korsimoro                                         ;345;Ouagadougou (not specified)                       ;639
8533;Motorbike                                         ;Eggplant (garden egg) (aubergine)                 ;Korsimoro                                         ;345;Ouagadougou (not specified)                       ;639
8607;Motorbike                                         ;Eggplant (garden egg) (aubergine)                 ;Korsimoro                                         ;345;Ouagadougou (not specified)                       ;639
8618;Motorbike                                         ;Eggplant (garden egg) (aubergine)                 ;Korsimoro                                         ;345;Ouagadougou (not specified)                       ;639
8216;Motorbike                                         ;Onion                                             ;Korsimoro                                         ;345;Ouagadougou (not specified)                       ;639
8239;Motorbike                                         ;Onion                                             ;Korsimoro                                         ;345;Ouagadougou (not specified)                       ;639
8287;Motorbike                                         ;Onion                                             ;Korsimoro                                         ;345;Ouagadougou (not specified)                       ;639
8312;Motorbike                                         ;Onion                                             ;Korsimoro                                         ;345;Ouagadougou (not specified)                       ;639
8389;Motorbike                                         ;Onion                                             ;Korsimoro                                         ;345;Ouagadougou (not specified)                       ;639
8398;Motorbike                                         ;Onion                                             ;Korsimoro                                         ;345;Ouagadougou (not specified)                       ;639
8407;Motorbike                                         ;Onion                                             ;Korsimoro                                         ;345;Ouagadougou (not specified)                       ;639
8451;Motorbike                                         ;Onion                                             ;Korsimoro                                         ;345;Ouagadougou (not specified)                       ;639
8471;Motorbike                                         ;Onion                                             ;Korsimoro                                         ;345;Ouagadougou (not specified)                       ;639
8483;Motorbike                                         ;Onion                                             ;Korsimoro                                         ;345;Ouagadougou (not specified)                       ;639
8594;Motorbike                                         ;Onion                                             ;Korsimoro                                         ;345;Ouagadougou (not specified)                       ;639
8611;Passenger Car                                     ;Onion                                             ;Korsimoro                                         ;345;Ouagadougou (not specified)                       ;639
8643;Motorbike                                         ;Onion                                             ;Korsimoro                                         ;345;Ouagadougou (not specified)                       ;639
8664;Motorbike                                         ;Onion                                             ;Korsimoro                                         ;345;Ouagadougou (not specified)                       ;639
8745;Motorbike                                         ;Onion                                             ;Korsimoro                                         ;345;Ouagadougou (not specified)                       ;639
9016;Passenger Car                                     ;Onion                                             ;Korsimoro                                         ;345;Ouagadougou (not specified)                       ;639
8189;Motorbike                                         ;Onion                                             ;Korsimoro                                         ;345;Ouagadougou (not specified)                       ;639
8307;Passenger Car                                     ;Onion                                             ;Korsimoro                                         ;345;Ouagadougou (not specified)                       ;639
8644;Motorbike                                         ;Onion                                             ;Korsimoro                                         ;345;Ouagadougou (not specified)                       ;639
8168;Motorbike                                         ;Onion                                             ;Korsimoro                                         ;345;Ouagadougou (not specified)                       ;639
8174;Motorbike                                         ;Onion                                             ;Korsimoro                                         ;345;Ouagadougou (not specified)                       ;639
8175;Motorbike                                         ;Onion                                             ;Korsimoro                                         ;345;Ouagadougou (not specified)                       ;639
8176;Bicycle                                           ;Onion                                             ;Korsimoro                                         ;345;Ouagadougou (not specified)                       ;639
8198;Motorbike                                         ;Onion                                             ;Korsimoro                                         ;345;Ouagadougou (not specified)                       ;639
8201;Motorbike                                         ;Onion                                             ;Korsimoro                                         ;345;Ouagadougou (not specified)                       ;639
8231;Motorbike                                         ;Onion                                             ;Korsimoro                                         ;345;Ouagadougou (not specified)                       ;639
8254;Motorbike                                         ;Onion                                             ;Korsimoro                                         ;345;Ouagadougou (not specified)                       ;639
8281;Motorbike                                         ;Onion                                             ;Korsimoro                                         ;345;Ouagadougou (not specified)                       ;639
8283;Motorbike                                         ;Onion                                             ;Korsimoro                                         ;345;Ouagadougou (not specified)                       ;639
8304;Motorbike                                         ;Onion                                             ;Korsimoro                                         ;345;Ouagadougou (not specified)                       ;639
8366;Motorbike                                         ;Onion                                             ;Korsimoro                                         ;345;Ouagadougou (not specified)                       ;639
8370;Motorbike                                         ;Onion                                             ;Korsimoro                                         ;345;Ouagadougou (not specified)                       ;639
8375;Motorbike                                         ;Onion                                             ;Korsimoro                                         ;345;Ouagadougou (not specified)                       ;639
8388;Motorbike                                         ;Onion                                             ;Korsimoro                                         ;345;Ouagadougou (not specified)                       ;639
8394;Motorbike                                         ;Onion                                             ;Korsimoro                                         ;345;Ouagadougou (not specified)                       ;639
8420;Motorbike                                         ;Onion                                             ;Korsimoro                                         ;345;Ouagadougou (not specified)                       ;639
8428;Motorbike                                         ;Onion                                             ;Korsimoro                                         ;345;Ouagadougou (not specified)                       ;639
8432;Motorbike                                         ;Onion                                             ;Korsimoro                                         ;345;Ouagadougou (not specified)                       ;639
8433;Motorbike                                         ;Onion                                             ;Korsimoro                                         ;345;Ouagadougou (not specified)                       ;639
8439;Motorbike                                         ;Onion                                             ;Korsimoro                                         ;345;Ouagadougou (not specified)                       ;639
8448;Motorbike                                         ;Onion                                             ;Korsimoro                                         ;345;Ouagadougou (not specified)                       ;639
8465;Motorbike                                         ;Onion                                             ;Korsimoro                                         ;345;Ouagadougou (not specified)                       ;639
8467;Motorbike                                         ;Onion                                             ;Korsimoro                                         ;345;Ouagadougou (not specified)                       ;639
8486;Bicycle                                           ;Onion                                             ;Korsimoro                                         ;345;Ouagadougou (not specified)                       ;639
8501;Motorbike                                         ;Onion                                             ;Korsimoro                                         ;345;Ouagadougou (not specified)                       ;639
8502;Motorbike                                         ;Onion                                             ;Korsimoro                                         ;345;Ouagadougou (not specified)                       ;639
8534;Motorbike                                         ;Onion                                             ;Korsimoro                                         ;345;Ouagadougou (not specified)                       ;639
8552;Motorbike                                         ;Onion                                             ;Korsimoro                                         ;345;Ouagadougou (not specified)                       ;639
8555;Motorbike                                         ;Onion                                             ;Korsimoro                                         ;345;Ouagadougou (not specified)                       ;639
8581;Motorbike                                         ;Onion                                             ;Korsimoro                                         ;345;Ouagadougou (not specified)                       ;639
8587;Motorbike                                         ;Onion                                             ;Korsimoro                                         ;345;Ouagadougou (not specified)                       ;639
8597;Motorbike                                         ;Onion                                             ;Korsimoro                                         ;345;Ouagadougou (not specified)                       ;639
8646;Motorbike                                         ;Onion                                             ;Korsimoro                                         ;345;Ouagadougou (not specified)                       ;639
8649;Motorbike                                         ;Onion                                             ;Korsimoro                                         ;345;Ouagadougou (not specified)                       ;639
8652;Motorbike                                         ;Onion                                             ;Korsimoro                                         ;345;Ouagadougou (not specified)                       ;639
8671;Motorbike                                         ;Onion                                             ;Korsimoro                                         ;345;Ouagadougou (not specified)                       ;639
8685;Motorbike                                         ;Onion                                             ;Korsimoro                                         ;345;Ouagadougou (not specified)                       ;639
8750;Motorbike                                         ;Onion                                             ;Korsimoro                                         ;345;Ouagadougou (not specified)                       ;639
8755;Motorbike                                         ;Onion                                             ;Korsimoro                                         ;345;Ouagadougou (not specified)                       ;639
8765;Motorbike                                         ;Onion                                             ;Korsimoro                                         ;345;Ouagadougou (not specified)                       ;639
8715;Motorbike                                         ;Tomato                                            ;Korsimoro                                         ;345;Ouagadougou (not specified)                       ;639
8732;Bicycle                                           ;Tomato                                            ;Korsimoro                                         ;345;Ouagadougou (not specified)                       ;639
8759;Motorbike                                         ;Tomato                                            ;Korsimoro                                         ;345;Ouagadougou (not specified)                       ;639
8783;Motorbike                                         ;Tomato                                            ;Korsimoro                                         ;345;Ouagadougou (not specified)                       ;639
8794;Motorbike                                         ;Tomato                                            ;Korsimoro                                         ;345;Ouagadougou (not specified)                       ;639
8799;Motorbike                                         ;Tomato                                            ;Korsimoro                                         ;345;Ouagadougou (not specified)                       ;639
8802;Bicycle                                           ;Tomato                                            ;Korsimoro                                         ;345;Ouagadougou (not specified)                       ;639
8806;Bicycle                                           ;Tomato                                            ;Korsimoro                                         ;345;Ouagadougou (not specified)                       ;639
8271;Motorbike                                         ;Eggplant (garden egg) (aubergine)                 ;Loumbila                                          ;264;Ouagadougou (not specified)                       ;639
8588;Motorbike                                         ;Eggplant (garden egg) (aubergine)                 ;Loumbila                                          ;264;Ouagadougou (not specified)                       ;639
8625;Motorbike                                         ;Eggplant (garden egg) (aubergine)                 ;Loumbila                                          ;264;Ouagadougou (not specified)                       ;639
8628;Motorbike                                         ;Eggplant (garden egg) (aubergine)                 ;Loumbila                                          ;264;Ouagadougou (not specified)                       ;639
8660;Motorbike                                         ;Eggplant (garden egg) (aubergine)                 ;Loumbila                                          ;264;Ouagadougou (not specified)                       ;639
8801;Motorbike                                         ;Eggplant (garden egg) (aubergine)                 ;Loumbila                                          ;264;Ouagadougou (not specified)                       ;639
8848;Motorbike                                         ;Eggplant (garden egg) (aubergine)                 ;Loumbila                                          ;264;Ouagadougou (not specified)                       ;639
8872;Motorbike                                         ;Eggplant (garden egg) (aubergine)                 ;Loumbila                                          ;264;Ouagadougou (not specified)                       ;639
9028;Motorbike                                         ;Eggplant (garden egg) (aubergine)                 ;Loumbila                                          ;264;Ouagadougou (not specified)                       ;639
9032;Motorbike                                         ;Eggplant (garden egg) (aubergine)                 ;Loumbila                                          ;264;Ouagadougou (not specified)                       ;639
9095;Motorbike                                         ;Eggplant (garden egg) (aubergine)                 ;Loumbila                                          ;264;Ouagadougou (not specified)                       ;639
9104;Motorbike                                         ;Eggplant (garden egg) (aubergine)                 ;Loumbila                                          ;264;Ouagadougou (not specified)                       ;639
9114;Motorbike                                         ;Eggplant (garden egg) (aubergine)                 ;Loumbila                                          ;264;Ouagadougou (not specified)                       ;639
9171;Motorbike                                         ;Eggplant (garden egg) (aubergine)                 ;Loumbila                                          ;264;Ouagadougou (not specified)                       ;639
8347;Motorbike                                         ;Eggplant (garden egg) (aubergine)                 ;Loumbila                                          ;264;Ouagadougou (not specified)                       ;639
8424;Motorbike                                         ;Eggplant (garden egg) (aubergine)                 ;Loumbila                                          ;264;Ouagadougou (not specified)                       ;639
8191;Motorbike                                         ;Eggplant (garden egg) (aubergine)                 ;Loumbila                                          ;264;Ouagadougou (not specified)                       ;639
8192;Motorbike                                         ;Eggplant (garden egg) (aubergine)                 ;Loumbila                                          ;264;Ouagadougou (not specified)                       ;639
8193;Motorbike                                         ;Eggplant (garden egg) (aubergine)                 ;Loumbila                                          ;264;Ouagadougou (not specified)                       ;639
8197;Motorbike                                         ;Eggplant (garden egg) (aubergine)                 ;Loumbila                                          ;264;Ouagadougou (not specified)                       ;639
8211;Motorbike                                         ;Eggplant (garden egg) (aubergine)                 ;Loumbila                                          ;264;Ouagadougou (not specified)                       ;639
8214;Motorbike                                         ;Eggplant (garden egg) (aubergine)                 ;Loumbila                                          ;264;Ouagadougou (not specified)                       ;639
8215;Motorbike                                         ;Eggplant (garden egg) (aubergine)                 ;Loumbila                                          ;264;Ouagadougou (not specified)                       ;639
8223;Motorbike                                         ;Eggplant (garden egg) (aubergine)                 ;Loumbila                                          ;264;Ouagadougou (not specified)                       ;639
8259;Motorbike                                         ;Okra                                              ;Loumbila                                          ;264;Ouagadougou (not specified)                       ;639
8352;Motorbike                                         ;Okra                                              ;Loumbila                                          ;264;Ouagadougou (not specified)                       ;639
8489;Motorbike                                         ;Okra                                              ;Loumbila                                          ;264;Ouagadougou (not specified)                       ;639
8538;Motorbike                                         ;Okra                                              ;Loumbila                                          ;264;Ouagadougou (not specified)                       ;639
8683;Motorbike                                         ;Okra                                              ;Loumbila                                          ;264;Ouagadougou (not specified)                       ;639
8725;Motorbike                                         ;Okra                                              ;Loumbila                                          ;264;Ouagadougou (not specified)                       ;639
8303;Motorbike                                         ;Rosell (Bra) (oseille / bitto)                    ;Loumbila                                          ;264;Ouagadougou (not specified)                       ;639
8311;Motorbike                                         ;Rosell (Bra) (oseille / bitto)                    ;Loumbila                                          ;264;Ouagadougou (not specified)                       ;639
8317;Motorbike                                         ;Rosell (Bra) (oseille / bitto)                    ;Loumbila                                          ;264;Ouagadougou (not specified)                       ;639
8329;Motorbike                                         ;Rosell (Bra) (oseille / bitto)                    ;Loumbila                                          ;264;Ouagadougou (not specified)                       ;639
8330;Motorbike                                         ;Rosell (Bra) (oseille / bitto)                    ;Loumbila                                          ;264;Ouagadougou (not specified)                       ;639
8332;Motorbike                                         ;Rosell (Bra) (oseille / bitto)                    ;Loumbila                                          ;264;Ouagadougou (not specified)                       ;639
8334;Motorbike                                         ;Rosell (Bra) (oseille / bitto)                    ;Loumbila                                          ;264;Ouagadougou (not specified)                       ;639
8335;Motorbike                                         ;Rosell (Bra) (oseille / bitto)                    ;Loumbila                                          ;264;Ouagadougou (not specified)                       ;639
8337;Motorbike                                         ;Rosell (Bra) (oseille / bitto)                    ;Loumbila                                          ;264;Ouagadougou (not specified)                       ;639
8340;Motorbike                                         ;Rosell (Bra) (oseille / bitto)                    ;Loumbila                                          ;264;Ouagadougou (not specified)                       ;639
8344;Motorbike                                         ;Rosell (Bra) (oseille / bitto)                    ;Loumbila                                          ;264;Ouagadougou (not specified)                       ;639
8345;Motorbike                                         ;Rosell (Bra) (oseille / bitto)                    ;Loumbila                                          ;264;Ouagadougou (not specified)                       ;639
8346;Motorbike                                         ;Rosell (Bra) (oseille / bitto)                    ;Loumbila                                          ;264;Ouagadougou (not specified)                       ;639
8348;Motorbike                                         ;Rosell (Bra) (oseille / bitto)                    ;Loumbila                                          ;264;Ouagadougou (not specified)                       ;639
8350;Taximoto (motorking)                              ;Rosell (Bra) (oseille / bitto)                    ;Loumbila                                          ;264;Ouagadougou (not specified)                       ;639
8351;Motorbike                                         ;Rosell (Bra) (oseille / bitto)                    ;Loumbila                                          ;264;Ouagadougou (not specified)                       ;639
8402;Motorbike                                         ;Rosell (Bra) (oseille / bitto)                    ;Loumbila                                          ;264;Ouagadougou (not specified)                       ;639
8427;Motorbike                                         ;Rosell (Bra) (oseille / bitto)                    ;Loumbila                                          ;264;Ouagadougou (not specified)                       ;639
8452;Motorbike                                         ;Rosell (Bra) (oseille / bitto)                    ;Loumbila                                          ;264;Ouagadougou (not specified)                       ;639
8512;Motorbike                                         ;Rosell (Bra) (oseille / bitto)                    ;Loumbila                                          ;264;Ouagadougou (not specified)                       ;639
8517;Motorbike                                         ;Rosell (Bra) (oseille / bitto)                    ;Loumbila                                          ;264;Ouagadougou (not specified)                       ;639
8522;Bicycle                                           ;Rosell (Bra) (oseille / bitto)                    ;Loumbila                                          ;264;Ouagadougou (not specified)                       ;639
8523;Motorbike                                         ;Rosell (Bra) (oseille / bitto)                    ;Loumbila                                          ;264;Ouagadougou (not specified)                       ;639
8525;Motorbike                                         ;Rosell (Bra) (oseille / bitto)                    ;Loumbila                                          ;264;Ouagadougou (not specified)                       ;639
8527;Motorbike                                         ;Rosell (Bra) (oseille / bitto)                    ;Loumbila                                          ;264;Ouagadougou (not specified)                       ;639
8532;Motorbike                                         ;Rosell (Bra) (oseille / bitto)                    ;Loumbila                                          ;264;Ouagadougou (not specified)                       ;639
8539;Motorbike                                         ;Rosell (Bra) (oseille / bitto)                    ;Loumbila                                          ;264;Ouagadougou (not specified)                       ;639
8541;Motorbike                                         ;Rosell (Bra) (oseille / bitto)                    ;Loumbila                                          ;264;Ouagadougou (not specified)                       ;639
8542;Bicycle                                           ;Rosell (Bra) (oseille / bitto)                    ;Loumbila                                          ;264;Ouagadougou (not specified)                       ;639
8545;Bicycle                                           ;Rosell (Bra) (oseille / bitto)                    ;Loumbila                                          ;264;Ouagadougou (not specified)                       ;639
8547;Motorbike                                         ;Rosell (Bra) (oseille / bitto)                    ;Loumbila                                          ;264;Ouagadougou (not specified)                       ;639
8549;Motorbike                                         ;Rosell (Bra) (oseille / bitto)                    ;Loumbila                                          ;264;Ouagadougou (not specified)                       ;639
8554;Motorbike                                         ;Rosell (Bra) (oseille / bitto)                    ;Loumbila                                          ;264;Ouagadougou (not specified)                       ;639
8559;Motorbike                                         ;Rosell (Bra) (oseille / bitto)                    ;Loumbila                                          ;264;Ouagadougou (not specified)                       ;639
8536;Motorbike                                         ;Tomato                                            ;Loumbila                                          ;264;Ouagadougou (not specified)                       ;639
8233;Motorbike                                         ;Tomato                                            ;Loumbila                                          ;264;Ouagadougou (not specified)                       ;639
8264;Motorbike                                         ;Tomato                                            ;Loumbila                                          ;264;Ouagadougou (not specified)                       ;639
8295;Motorbike                                         ;Tomato                                            ;Loumbila                                          ;264;Ouagadougou (not specified)                       ;639
8503;Motorbike                                         ;Tomato                                            ;Loumbila                                          ;264;Ouagadougou (not specified)                       ;639
8686;Motorbike                                         ;Tomato                                            ;Loumbila                                          ;264;Ouagadougou (not specified)                       ;639
8687;Motorbike                                         ;Tomato                                            ;Loumbila                                          ;264;Ouagadougou (not specified)                       ;639
8217;Motorbike                                         ;Tomato                                            ;Loumbila                                          ;264;Ouagadougou (not specified)                       ;639
8232;Motorbike                                         ;Tomato                                            ;Loumbila                                          ;264;Ouagadougou (not specified)                       ;639
8272;Motorbike                                         ;Tomato                                            ;Loumbila                                          ;264;Ouagadougou (not specified)                       ;639
8274;Motorbike                                         ;Tomato                                            ;Loumbila                                          ;264;Ouagadougou (not specified)                       ;639
8284;Bicycle                                           ;Tomato                                            ;Loumbila                                          ;264;Ouagadougou (not specified)                       ;639
8296;Motorbike                                         ;Tomato                                            ;Loumbila                                          ;264;Ouagadougou (not specified)                       ;639
8319;Motorbike                                         ;Tomato                                            ;Loumbila                                          ;264;Ouagadougou (not specified)                       ;639
8323;Bicycle                                           ;Tomato                                            ;Loumbila                                          ;264;Ouagadougou (not specified)                       ;639
8326;Motorbike                                         ;Tomato                                            ;Loumbila                                          ;264;Ouagadougou (not specified)                       ;639
8328;Motorbike                                         ;Tomato                                            ;Loumbila                                          ;264;Ouagadougou (not specified)                       ;639
8339;Motorbike                                         ;Tomato                                            ;Loumbila                                          ;264;Ouagadougou (not specified)                       ;639
8417;Motorbike                                         ;Tomato                                            ;Loumbila                                          ;264;Ouagadougou (not specified)                       ;639
8429;Motorbike                                         ;Tomato                                            ;Loumbila                                          ;264;Ouagadougou (not specified)                       ;639
8430;Bicycle                                           ;Tomato                                            ;Loumbila                                          ;264;Ouagadougou (not specified)                       ;639
8438;Motorbike                                         ;Tomato                                            ;Loumbila                                          ;264;Ouagadougou (not specified)                       ;639
8449;Motorbike                                         ;Tomato                                            ;Loumbila                                          ;264;Ouagadougou (not specified)                       ;639
8475;Motorbike                                         ;Tomato                                            ;Loumbila                                          ;264;Ouagadougou (not specified)                       ;639
8479;Passenger Car                                     ;Tomato                                            ;Loumbila                                          ;264;Ouagadougou (not specified)                       ;639
8488;Motorbike                                         ;Tomato                                            ;Loumbila                                          ;264;Ouagadougou (not specified)                       ;639
8490;Motorbike                                         ;Tomato                                            ;Loumbila                                          ;264;Ouagadougou (not specified)                       ;639
8496;Motorbike                                         ;Tomato                                            ;Loumbila                                          ;264;Ouagadougou (not specified)                       ;639
8526;Bicycle                                           ;Tomato                                            ;Loumbila                                          ;264;Ouagadougou (not specified)                       ;639
8531;Motorbike                                         ;Tomato                                            ;Loumbila                                          ;264;Ouagadougou (not specified)                       ;639
8543;Motorbike                                         ;Tomato                                            ;Loumbila                                          ;264;Ouagadougou (not specified)                       ;639
8544;Motorbike                                         ;Tomato                                            ;Loumbila                                          ;264;Ouagadougou (not specified)                       ;639
8817;Motorbike                                         ;Zucchini                                          ;Loumbila                                          ;264;Ouagadougou (not specified)                       ;639
8163;Motorbike                                         ;Zucchini                                          ;Loumbila                                          ;264;Ouagadougou (not specified)                       ;639
8172;Motorbike                                         ;Zucchini                                          ;Loumbila                                          ;264;Ouagadougou (not specified)                       ;639
8222;Motorbike                                         ;Zucchini                                          ;Loumbila                                          ;264;Ouagadougou (not specified)                       ;639
8236;Motorbike                                         ;Zucchini                                          ;Loumbila                                          ;264;Ouagadougou (not specified)                       ;639
8251;Motorbike                                         ;Zucchini                                          ;Loumbila                                          ;264;Ouagadougou (not specified)                       ;639
8266;Motorbike                                         ;Zucchini                                          ;Loumbila                                          ;264;Ouagadougou (not specified)                       ;639
8279;Motorbike                                         ;Zucchini                                          ;Loumbila                                          ;264;Ouagadougou (not specified)                       ;639
8298;Motorbike                                         ;Zucchini                                          ;Loumbila                                          ;264;Ouagadougou (not specified)                       ;639
8302;Motorbike                                         ;Zucchini                                          ;Loumbila                                          ;264;Ouagadougou (not specified)                       ;639
8349;Motorbike                                         ;Zucchini                                          ;Loumbila                                          ;264;Ouagadougou (not specified)                       ;639
8383;Motorbike                                         ;Zucchini                                          ;Loumbila                                          ;264;Ouagadougou (not specified)                       ;639
8200;Motorbike                                         ;Chicken                                           ;Ziniar                                            ;535;Ouagadougou (not specified)                       ;639
8203;Motorbike                                         ;Chicken                                           ;Ziniar                                            ;535;Ouagadougou (not specified)                       ;639
8204;Motorbike                                         ;Chicken                                           ;Ziniar                                            ;535;Ouagadougou (not specified)                       ;639
8205;Motorbike                                         ;Chicken                                           ;Ziniar                                            ;535;Ouagadougou (not specified)                       ;639
8362;Motorbike                                         ;Chicken                                           ;Ziniar                                            ;535;Ouagadougou (not specified)                       ;639
8381;Motorbike                                         ;Chicken                                           ;Ziniar                                            ;535;Ouagadougou (not specified)                       ;639
8406;Motorbike                                         ;Chicken                                           ;Ziniar                                            ;535;Ouagadougou (not specified)                       ;639
8613;Motorbike                                         ;Chicken                                           ;Ziniar                                            ;535;Ouagadougou (not specified)                       ;639
8736;Motorbike                                         ;Chicken                                           ;Ziniar                                            ;535;Ouagadougou (not specified)                       ;639
8740;Bicycle                                           ;Chicken                                           ;Ziniar                                            ;535;Ouagadougou (not specified)                       ;639
8235;Motorbike                                         ;Eggplant (garden egg) (aubergine)                 ;Ziniar                                            ;535;Ouagadougou (not specified)                       ;639
8237;Motorbike                                         ;Eggplant (garden egg) (aubergine)                 ;Ziniar                                            ;535;Ouagadougou (not specified)                       ;639
8256;Motorbike                                         ;Eggplant (garden egg) (aubergine)                 ;Ziniar                                            ;535;Ouagadougou (not specified)                       ;639
8261;Bicycle                                           ;Eggplant (garden egg) (aubergine)                 ;Ziniar                                            ;535;Ouagadougou (not specified)                       ;639
8269;Motorbike                                         ;Eggplant (garden egg) (aubergine)                 ;Ziniar                                            ;535;Ouagadougou (not specified)                       ;639
8270;Motorbike                                         ;Eggplant (garden egg) (aubergine)                 ;Ziniar                                            ;535;Ouagadougou (not specified)                       ;639
8277;Motorbike                                         ;Eggplant (garden egg) (aubergine)                 ;Ziniar                                            ;535;Ouagadougou (not specified)                       ;639
8285;Motorbike                                         ;Eggplant (garden egg) (aubergine)                 ;Ziniar                                            ;535;Ouagadougou (not specified)                       ;639
8306;Motorbike                                         ;Eggplant (garden egg) (aubergine)                 ;Ziniar                                            ;535;Ouagadougou (not specified)                       ;639
8308;Motorbike                                         ;Eggplant (garden egg) (aubergine)                 ;Ziniar                                            ;535;Ouagadougou (not specified)                       ;639
8774;Motorbike                                         ;Okra                                              ;Ziniar                                            ;535;Ouagadougou (not specified)                       ;639
8958;Motorbike                                         ;Okra                                              ;Ziniar                                            ;535;Ouagadougou (not specified)                       ;639
9121;Taximoto (motorking)                              ;Okra                                              ;Ziniar                                            ;535;Ouagadougou (not specified)                       ;639
8230;Motorbike                                         ;Okra                                              ;Ziniar                                            ;535;Ouagadougou (not specified)                       ;639
8210;Motorbike                                         ;Sheep                                             ;Ziniar                                            ;535;Ouagadougou (not specified)                       ;639
8273;Motorbike                                         ;Sheep                                             ;Ziniar                                            ;535;Ouagadougou (not specified)                       ;639
8290;Motorbike                                         ;Sheep                                             ;Ziniar                                            ;535;Ouagadougou (not specified)                       ;639
8369;Passenger Car                                     ;Sheep                                             ;Ziniar                                            ;535;Ouagadougou (not specified)                       ;639
8387;Motorbike                                         ;Sheep                                             ;Ziniar                                            ;535;Ouagadougou (not specified)                       ;639
8403;Motorbike                                         ;Sheep                                             ;Ziniar                                            ;535;Ouagadougou (not specified)                       ;639
8404;Motorbike                                         ;Sheep                                             ;Ziniar                                            ;535;Ouagadougou (not specified)                       ;639
8412;Motorbike                                         ;Sheep                                             ;Ziniar                                            ;535;Ouagadougou (not specified)                       ;639
8426;Passenger Car                                     ;Sheep                                             ;Ziniar                                            ;535;Ouagadougou (not specified)                       ;639
8464;Motorbike                                         ;Sheep                                             ;Ziniar                                            ;535;Ouagadougou (not specified)                       ;639
8548;Motorbike                                         ;Tomato                                            ;Ziniar                                            ;535;Ouagadougou (not specified)                       ;639
8556;Bicycle                                           ;Tomato                                            ;Ziniar                                            ;535;Ouagadougou (not specified)                       ;639
8564;Bicycle                                           ;Tomato                                            ;Ziniar                                            ;535;Ouagadougou (not specified)                       ;639
8631;Motorbike                                         ;Tomato                                            ;Ziniar                                            ;535;Ouagadougou (not specified)                       ;639
8637;Motorbike                                         ;Tomato                                            ;Ziniar                                            ;535;Ouagadougou (not specified)                       ;639
8640;Motorbike                                         ;Tomato                                            ;Ziniar                                            ;535;Ouagadougou (not specified)                       ;639
8654;Motorbike                                         ;Tomato                                            ;Ziniar                                            ;535;Ouagadougou (not specified)                       ;639
8662;Motorbike                                         ;Tomato                                            ;Ziniar                                            ;535;Ouagadougou (not specified)                       ;639
8672;Bicycle                                           ;Tomato                                            ;Ziniar                                            ;535;Ouagadougou (not specified)                       ;639
8679;Bicycle                                           ;Tomato                                            ;Ziniar                                            ;535;Ouagadougou (not specified)                       ;639
8396;Motorbike                                         ;Zucchini                                          ;Ziniar                                            ;535;Ouagadougou (not specified)                       ;639
8405;Motorbike                                         ;Zucchini                                          ;Ziniar                                            ;535;Ouagadougou (not specified)                       ;639
8413;Motorbike                                         ;Zucchini                                          ;Ziniar                                            ;535;Ouagadougou (not specified)                       ;639
8445;Motorbike                                         ;Zucchini                                          ;Ziniar                                            ;535;Ouagadougou (not specified)                       ;639
8474;Passenger Car                                     ;Zucchini                                          ;Ziniar                                            ;535;Ouagadougou (not specified)                       ;639
8748;Motorbike                                         ;Chicken                                           ;Zitenga                                           ;676;Ouagadougou (not specified)                       ;639
8770;Bicycle                                           ;Chicken                                           ;Zitenga                                           ;676;Ouagadougou (not specified)                       ;639
8795;Motorbike                                         ;Chicken                                           ;Zitenga                                           ;676;Ouagadougou (not specified)                       ;639
8900;Motorbike                                         ;Chicken                                           ;Zitenga                                           ;676;Ouagadougou (not specified)                       ;639
8936;Motorbike                                         ;Chicken                                           ;Zitenga                                           ;676;Ouagadougou (not specified)                       ;639
8949;Motorbike                                         ;Chicken                                           ;Zitenga                                           ;676;Ouagadougou (not specified)                       ;639
8974;Motorbike                                         ;Chicken                                           ;Zitenga                                           ;676;Ouagadougou (not specified)                       ;639
8986;Motorbike                                         ;Chicken                                           ;Zitenga                                           ;676;Ouagadougou (not specified)                       ;639
9004;Motorbike                                         ;Chicken                                           ;Zitenga                                           ;676;Ouagadougou (not specified)                       ;639
9018;Motorbike                                         ;Chicken                                           ;Zitenga                                           ;676;Ouagadougou (not specified)                       ;639
8363;Motorbike                                         ;Eggplant (garden egg) (aubergine)                 ;Zitenga                                           ;676;Ouagadougou (not specified)                       ;639
8374;Motorbike                                         ;Eggplant (garden egg) (aubergine)                 ;Zitenga                                           ;676;Ouagadougou (not specified)                       ;639
8384;Motorbike                                         ;Eggplant (garden egg) (aubergine)                 ;Zitenga                                           ;676;Ouagadougou (not specified)                       ;639
8392;Motorbike                                         ;Eggplant (garden egg) (aubergine)                 ;Zitenga                                           ;676;Ouagadougou (not specified)                       ;639
8397;Motorbike                                         ;Eggplant (garden egg) (aubergine)                 ;Zitenga                                           ;676;Ouagadougou (not specified)                       ;639
8410;Motorbike                                         ;Eggplant (garden egg) (aubergine)                 ;Zitenga                                           ;676;Ouagadougou (not specified)                       ;639
8411;Motorbike                                         ;Eggplant (garden egg) (aubergine)                 ;Zitenga                                           ;676;Ouagadougou (not specified)                       ;639
8422;Motorbike                                         ;Eggplant (garden egg) (aubergine)                 ;Zitenga                                           ;676;Ouagadougou (not specified)                       ;639
8425;Motorbike                                         ;Eggplant (garden egg) (aubergine)                 ;Zitenga                                           ;676;Ouagadougou (not specified)                       ;639
8458;Motorbike                                         ;Eggplant (garden egg) (aubergine)                 ;Zitenga                                           ;676;Ouagadougou (not specified)                       ;639
8574;Articulator                                       ;Sheep                                             ;Zitenga                                           ;676;Ouagadougou (not specified)                       ;639
8600;Passenger Car                                     ;Sheep                                             ;Zitenga                                           ;676;Ouagadougou (not specified)                       ;639
8620;Motorbike                                         ;Sheep                                             ;Zitenga                                           ;676;Ouagadougou (not specified)                       ;639
8626;Passenger Car                                     ;Sheep                                             ;Zitenga                                           ;676;Ouagadougou (not specified)                       ;639
8634;Motorbike                                         ;Sheep                                             ;Zitenga                                           ;676;Ouagadougou (not specified)                       ;639
8650;Motorbike                                         ;Sheep                                             ;Zitenga                                           ;676;Ouagadougou (not specified)                       ;639
8670;Motorbike                                         ;Sheep                                             ;Zitenga                                           ;676;Ouagadougou (not specified)                       ;639
8674;Passenger Car                                     ;Sheep                                             ;Zitenga                                           ;676;Ouagadougou (not specified)                       ;639
8726;Motorbike                                         ;Sheep                                             ;Zitenga                                           ;676;Ouagadougou (not specified)                       ;639
8729;Motorbike                                         ;Sheep                                             ;Zitenga                                           ;676;Ouagadougou (not specified)                       ;639
8689;Motorbike                                         ;Tomato                                            ;Zitenga                                           ;676;Ouagadougou (not specified)                       ;639
8701;Motorbike                                         ;Tomato                                            ;Zitenga                                           ;676;Ouagadougou (not specified)                       ;639
8704;Motorbike                                         ;Tomato                                            ;Zitenga                                           ;676;Ouagadougou (not specified)                       ;639
8707;Motorbike                                         ;Tomato                                            ;Zitenga                                           ;676;Ouagadougou (not specified)                       ;639
8708;Motorbike                                         ;Tomato                                            ;Zitenga                                           ;676;Ouagadougou (not specified)                       ;639
8713;Taximoto (motorking)                              ;Tomato                                            ;Zitenga                                           ;676;Ouagadougou (not specified)                       ;639
8494;Motorbike                                         ;Zucchini                                          ;Zitenga                                           ;676;Ouagadougou (not specified)                       ;639
8583;Motorbike                                         ;Zucchini                                          ;Zitenga                                           ;676;Ouagadougou (not specified)                       ;639
8622;Motorbike                                         ;Zucchini                                          ;Zitenga                                           ;676;Ouagadougou (not specified)                       ;639
8624;Motorbike                                         ;Zucchini                                          ;Zitenga                                           ;676;Ouagadougou (not specified)                       ;639
8746;Motorbike                                         ;Zucchini                                          ;Zitenga                                           ;676;Ouagadougou (not specified)                       ;639
8789;Motorbike                                         ;Zucchini                                          ;Zitenga                                           ;676;Ouagadougou (not specified)                       ;639
8797;Motorbike                                         ;Zucchini                                          ;Zitenga                                           ;676;Ouagadougou (not specified)                       ;639
